Author,Created At,Score,Comment Count,Title,Selftext,URL
RandomInvestor98,1727329927.0,31906,1644,Nancy Pelosi‚Äôs husband sold more than $500K worth of Visa stock ‚Äî just weeks before DOJ‚Äôs antitrust lawsuit,,https://nypost.com/2024/09/24/business/nancy-pelosis-husband-sold-500k-in-visa-stock-before-dojs-antitrust-suit/
Sad_Nefariousness10,1722526964.0,29016,11819,I bought $700k worth of Intel stock today ,"https://preview.redd.it/83gh52szi2gd1.png?width=1634&format=png&auto=webp&s=fba99bb67e4b11aa973fe830f535c775083bbc05

TLDR: Grandma died 2 months ago. Left me $800k inheritance. I'm only a junior in college as a math major and I don't really have any use for the money, nor do I have any debt (I'm very fortunate that my parents are paying for my education). I always heard about people losing their inheritance by spending it on garbage instead of investing. So I told my parents I'm not going to spend a cent of this money and I'm going to invest all of it and they were proud of me. I put 100k into a high yield savings account and bought 700k worth of Intel stock at market open. I plan on holding this for a decade depending on how it performs. 

Here's why I like Intel: 

- 2024 Q1 up 9% YOY 

- Intel has been heavily investing and restructuring by building out the domestic foundry business to manufacture semiconductor chips for third party companies. 

- With Intel 3 in production, leading-edge semiconductors are being manufactured in the US for the first time in a decade. Intel will regain process leadership as the Intel Foundry continues to grow. 

- I think the fact that Intel is positioning itself to be the largest semiconductor manufacturer in the US is massive. The US Gov is heavily prioritizing domestic semiconductor production and thus is heavily supporting Intel as a company with R&D funding. 

- If NVIDIA or AMD are ever forced to change manufacturers due to rising tensions/war between China & Taiwan, Intel will likely be a sole or largest manufacturer for NVIDIA and AMD 

- Intel has been heavily investing in R&D. 5.9B out of 12.7B of Q124 revenue was invested in R&D. 

- Intel is on track to exceed its forecast of 40 million AI PCs shipped by the end of 2024

- The Intel Gaudi 3AI accelerator is projected to deliver 50% faster inference and 40% greater inference power efficiency than NVIDIA H100 on leading AI models. 

- Trading at Forward PE of 17.05 

- Geopolitical tensions will ultimately work in Intel's favor more than any other company in this industry 

- I like the stock and I think its really cheap rn :) 



  
",https://www.reddit.com/r/wallstreetbets/comments/1ehjuzj/i_bought_700k_worth_of_intel_stock_today/
Efficient_Deer_8605,1723557524.0,12336,1351,I bought $700k worth of Intel stock,I like the stock and I think it‚Äôs really cheap rn :),https://i.redd.it/0e790lxetfid1.jpeg
sco-go,1722704302.0,14514,1089,To the guy who spent his 700k inheritance on Intel: this is bullish. ,,https://i.redd.it/d0cwjxtcchgd1.png
Suspicious-Bad4703,1722820481.0,11757,1014,Japanese Stocks are Crashing,,https://i.redd.it/zde570etxqgd1.jpeg
hegemonic_parsley,1720633291.0,20339,812,Senators strike bipartisan deal for a ban on stock trading by members of Congress,,http://www.cnbc.com/2024/07/10/senators-strike-bipartisan-deal-for-a-ban-on-stock-trading-by-members-of-congress.html?__source=iosappshare%7Ccom.apple.UIKit.activity.CopyToPasteboard
Dangerous_Piece_8811,1725859320.0,7169,777,$215000 loss porn,,https://i.redd.it/gf33y2mpxpnd1.jpeg
skippM3,1719289868.0,7963,961,I invested my student loans into the stock market ,"Started off with 6k from a few year of investing. Then got that Glorious student loan check of 16k and then throught to my self if I had the balls to take it ""To the Moon!"" 
I can't wait for this next student loan to hit my account! 
Making all the best decisions in college and can't wait to make more!!! ;) ",https://i.redd.it/mjc7cykhbn8d1.jpeg
SugondeseYeets_69,1722960908.0,15851,373,Most profitable wallstreetbets user,,https://i.redd.it/pjuzlqidj2hd1.jpeg
Lopsided_Music_3013,1727165792.0,6823,373,$60k profit shorting Trump's social media company (and weed stocks). Easiest money on the planet.,,https://i.redd.it/z8q28shkupqd1.png
Similar_Diver9558,1725926631.0,4644,552,Apple‚Äôs $3.3 Trillion Gamble on AI iPhone 16 Backfires as Stock Sinks and Investors Yawn,,https://www.forbes.com.au/news/investing/apples-ai-iphone-16-stock-slumps-at-new-launch-event/
progmakerlt,1723280763.0,5138,649,Trump Media reports $16 million loss for quarter as revenue falls,"It appears the company is still losing money.

P.S. I don‚Äôt hold any positions in DJT, nor I am citizen or resident in the US.

https://www.cnbc.com/2024/08/09/trump-media-reports-16-million-loss-for-quarter-as-revenue-falls.html",https://www.reddit.com/r/wallstreetbets/comments/1eoon9t/trump_media_reports_16_million_loss_for_quarter/
mediterranean2,1711999915.0,8192,1259,"Trump Media stock tanks as new filing reveals heavy losses, 'greater risks' on Trump's involvement","Trump Media & Technology Group (DJT), the parent company of Donald Trump's social media platform Truth Social, sank more than 22% in midday trading on Monday following its blockbuster debut last week.

The stock drop comes on the heels of an updated regulatory filing early Monday that showed the company taking on heavy losses and facing ""greater risks"" associated with the former president's ties to the platform.

According to the filing, Trump Media reported sales of just over $4 million as net losses reached nearly $60 million for the full year ending Dec. 31. The company warned it expects losses to continue amid greater profitability challenges.

https://finance.yahoo.com/news/trump-media-stock-tanks-as-new-filing-reveals-heavy-losses-greater-risks-on-trumps-involvement-164313322.html",https://www.reddit.com/r/wallstreetbets/comments/1btd5k1/trump_media_stock_tanks_as_new_filing_reveals/
Kazgarth_,1719402652.0,4128,1327,Why Intel is the most undervalued tech stock right now.,"Intel ($INTC) is an insane bargain right now, as it is trading at year 1999 stock price.

Every other comparable tech stock is up 5000%-20000% since then.

People are too focused on Intel consumer and data center products, which by the way are improving at impressive rate. Now they have AI chip comparable to NVIDIA's H100 (Guadi 3). Lunar lake SoC for laptops based on 3nm, upcoming desktop CPUs based on Intel 20 (Arrow Lake in Q3), and they also announced the next gen of Intel Arc GPUs with massive gains and driver improvements to make them very competitive with AMD & NVIDIA offerings.

**But the real deal is Intel Foundry segment.**

Currently Intel is the only company in the world that has ASML's next gen EUV machines (called High-NA) up and running. They will be able to manufacture sub 2nm silicon at impressive rate. No other company has received such machines. With rumors that TSMC (current leader in foundry business) will only receive them in 2026, and **I doubt the USA will allow much to be sent to Taiwan, for obvious security reasons.**

Microsoft & Qualcomm already announced they gonna use Intel upcoming 18A node for their future products, and it's only matter of time until we hear others like NVIDIA & Apple jumping in.

If you are a big tech company and want the best, cutting edge silicon you will have to switch to Intel foundry sooner or later.

Investing in Intel right now is like buying NVDA stock before the AI boom. ",https://www.reddit.com/r/wallstreetbets/comments/1dowoqn/why_intel_is_the_most_undervalued_tech_stock/
BosSF82,1711368485.0,11861,869,Boeing CEO is gone. Stock shoots up. Puts get blown-out of the fuselage.,,https://www.cnbc.com/2024/03/25/boeing-ceo-board-chair-commercial-head-out-737-max-crisis.html
MaryAnnGrysbeck,1713847256.0,5890,1341,Donald Trump set to receive $1.25 billion worth of Trump Media stock in DJT earnout bonus.,"Donald Trump set to receive $1.25 billion worth of Trump Media stock in DJT earnout bonus.

Trump Media, which owns the Truth Social app, was trading at around $35 per share mid-day Monday.
April 22,2024

https://www.nbcnews.com/news/amp/rcna148847

Former President Donald Trump is poised to receive an additional 36 million shares of Trump Media Tuesday ‚Äî an ‚Äúearnout‚Äù bonus worth more than $1.25 billion, at Monday‚Äôs price.

That earnout is contingent on the benchmark being hit for 20 trading days within a 30-trading day period, beginning March 25,2024.

Tuesday is the 20th day and it is very unlikely that DJT will fall below the benchmark price of $17.50 per share by the end of that day.

The 36 million additional for Trump would be added to the 78.75 million shares he already owns, as the company‚Äôs majority shareholder.
Total of 114.75 million shares.

When the earnout shares are added to his existing stock, Trump‚Äôs total stake in Trump Media would be worth more than $4 billion on paper, at $35 a share.

The merged company, whose full name is Trump Media & Technology Group Corp., began public trading under the DJT ticker on March 26,2024 at an opening price of $70.90 per share.

That price rose to a high of nearly $80 that day, briefly giving the company a market capitalization of more than $9 billion.

Trump Media & Technology Group Corp. (DJT) is now $35.50 per share.

52 week high of $79.38
was on Tuesday,March 26,2024.
First day of trading under new name and stock symbol.

52 week low $12.40

The greatest show on Earth.

So let‚Äôs look back a little to understand more.

Trump Media stock jumps as much as 50% after DJT ticker debut,
Tuesday,March 26,2024

https://www.cnbc.com/amp/2024/03/26/trump-media-stock-ticker-djt-debuts-after-dwac-merger.html
 
This stock has had 4 major runs in 2024 lasting from 6 to 22 days.
Obviously,from all this recent activity,this stock is nowhere near finished for 2024.

Plan accordingly.
I wouldn‚Äôt be surprised to see at least 3 more runs before November 2024.

Trump stock and options are nowhere near finished.Not with an additional 36 million more shares for Trump.Not with an election coming up.

What are your ideas regards.",https://www.reddit.com/r/wallstreetbets/comments/1cavxt9/donald_trump_set_to_receive_125_billion_worth_of/
OMG__Ponies,1720113731.0,4926,719,Elon Musk says Bill Gates will be 'obliterated' for shorting Tesla stock,,https://nypost.com/2024/07/04/business/elon-musk-says-bill-gates-will-be-obliterated-for-shorting-tesla-stock/
infinit9,1713284928.0,8598,776,Trump Media announced a live TV streaming platform ‚Äî and the stock tumbled 10%,,https://qz.com/trump-media-stock-truth-social-tv-live-streaming-1851413123
Middle_Garbage_5547,1725071855.0,3381,626,Nvidia loss porn,Turning in my application to Wendy's. Can I get some rep?,https://i.redd.it/yxidcnwawwld1.jpeg
Odd_Explanation3246,1701964455.0,16961,1430,Some juicy loss porn from the past,,https://v.redd.it/pdzopc32aw4c1
Similar_Diver9558,1727671178.0,4804,320,Billionaire Peter Thiel sold $600 million of Palantir stock this week,,https://www.forbes.com.au/news/billionaires/billionaire-peter-thiel-sold-600-million-of-palantir-stock-this-week/
Xtianus21,1727196305.0,5396,305,Nvidia CEO Jensen Huang Sold $713 Million of Stock. He‚Äôs Done‚Äîfor Now,,https://www.barrons.com/articles/nvidia-stock-ceo-jensen-huang-5ba38f1c
Bitter-Heat-8767,1709011893.0,6222,1689,How to profit off fat people?,"I was at Disneyland today and holy fuck are there a lot of fat fucks. Probably 80% plus were obese with 90% having at least some sort of muffin top. Kinda sad tbh but whatever, how do I make money off it? Healthcare? Pepsi or Coke? Diabeetus companies? ",https://www.reddit.com/r/wallstreetbets/comments/1b142xd/how_to_profit_off_fat_people/
Androcles_InTheSky,1719173040.0,4805,659,NVDA FACING INSIDERS SELLING THE STOCK AT THE FASTEST PACE IN YEARS.,"Corporate Insiders placed Informative Sells of Shares Worth $308.2M in the Last 3 Months. 

This is something to keep an eye on if you trying to buy options in the company. 

Will the sell off continue so they can actually buy the dip ? ",https://i.redd.it/kumyy7l3od8d1.jpeg
progmakerlt,1716318107.0,5068,720,"Trump Media: Q1 Revenue of $770,500 and Net Loss of $327.6 Million",,https://variety.com/2024/digital/news/trump-truth-social-media-q1-2024-revenue-net-loss-1236010937/
level4helmet,1709667894.0,7564,878,People actually took profit at 69420 BTC/USD,,https://i.redd.it/8236f8z7kkmc1.jpeg
Wolfpack-rider,1715887013.0,3392,1685,I want my portfolio to be back to where it started. This is a total of 160k loss. I need to make it by September.,Total 160k loss. Please help ,https://i.redd.it/ewvdh3129u0d1.jpeg
mediterranean2,1711477748.0,4111,1710,Trump's Truth Social stock soars in first day of trading,"Donald Trump's social media platform Truth Social (DJT) surged more than 40% in its first day of trading on the Nasdaq Tuesday afternoon.

Shares of Trump Media & Technology Group, Truth Social's parent company, were trading above $70 under the ticker symbol ""DJT,"" Trump's initials, around mid-afternoon.

The company merged with special purpose vehicle Digital World Acquisition Corp. (DWAC) in a deal approved by shareholders last week. Prior to the merger, DWAC had been on the public market since 2021.

https://finance.yahoo.com/news/trumps-truth-social-stock-soars-in-first-day-of-trading-133705717.html",https://www.reddit.com/r/wallstreetbets/comments/1bof4qi/trumps_truth_social_stock_soars_in_first_day_of/
Beginning-Way-895,1699317439.0,9795,1292,Ex-billionaire Whitney Wolfe Herd out as Bumble CEO as stock crashes 80%,,https://www.forbes.com.au/news/entrepreneurs/whitney-wolfe-herd-out-as-bumble-ceo/
nmpraveen,1712092659.0,6392,610,Intel discloses $7 billion operating loss for chip-making unit.,,https://www.reuters.com/technology/intel-discloses-financials-foundry-business-2024-04-02/
Ok_Significance_4008,1713655087.0,4166,912,"The yield curve has been inverted for over 500 days - We‚Äôve only seen this 3 times in history: 2008, 1929, 1974. All 3 were >50% stock crash",,https://i.redd.it/ogwg3uszvpvc1.jpeg
FaatmanSlim,1722909047.0,3715,415,Japan stocks rebound 10% after historic losses; other Asia markets also recover,,https://www.cnbc.com/2024/08/06/asia-stock-markets-japan-household-spending-rba-rate-decision.html
Safe_Asparagus_539,1711994090.0,6116,622,"Made my first ‚Ç¨1,000,000 in the stock market",This is not meant to be a brag post. Just trying to inspire everyone to do the same & better!,https://i.redd.it/pzrjhfaepwrc1.jpeg
predictany007,1684757702.0,20152,2745,"White House says if the US defaults on its debt, the stock market could fall 45%",,https://www.cnbc.com/2023/05/21/debt-ceiling-yellen-says-hard-choices-will-need-to-be-made-if-debt-ceiling-is-not-raised.html
sechumatheist,1698330265.0,6880,2176,"With Elon‚Äôs recent $28 billion loss, Toyota says ‚Äòpeople are waking up to reality‚Äô that EV adoption will be an uphill battle","
~ Toyota‚Äôs chairman and former CEO, Akio Toyoda, has long been a skeptic of the electric vehicle hype train‚Äîit was a big reason he stepped down from the top job at the Japanese carmaker earlier this year. Now, he can finally say, ‚ÄúI told you so.‚Äù With Elon Musk‚Äôs Tesla reporting disastrous third-quarter earnings last week, investors are realizing that EVs are no silver bullet for profit. ‚ÄúPeople are finally seeing reality,‚Äù Toyoda said on Wednesday.

Blue states say EVs are great and we need to adopt them as soon as possible for climate reasons,‚Äù Ford told the New York Times. ‚ÄúSome of the red states say this is just like the vaccine, and it‚Äôs being shoved down our throat by the government, and we don‚Äôt want it.‚Äù~",https://finance.yahoo.com/news/elon-musk-just-lost-28-214123188.html?fr=sycsrp_catchall
Soupb4,1724878136.0,3287,369,Meme stock,,https://i.redd.it/2s6zqr5awgld1.jpeg
2ftc,1706468091.0,4011,2320,I called my wife an idiot when she told me to sell BABA at $220 for a small loss. What do I do now?,,https://i.redd.it/1eo4bckr98fc1.jpeg
justAnotherDstudent,1695770970.0,11257,1223,The stock market once I think its safe to put all my money in it,,https://v.redd.it/4duxxfvppoqb1
v-shizzle,1702103894.0,6872,1033,TIL Baby Boomers hold $21 trillion worth of STOCKS. What will happen when they die? Will their survivors cash out and crash the market?,,https://www.businessinsider.com/real-estate-market-sales-interest-rates-mortgages-baby-boomers-2023-11?utm_source=reddit.com
Novel-Emotion-5208,1704152182.0,9896,580,A.I stock trader does insider trading and lies about it,https://www.businessinsider.com/ai-deceive-users-insider-trading-study-gpt-2023-12?amp,https://i.redd.it/i6l5aogdzw9c1.jpeg
jarstiffler,1720200715.0,3385,467,4 US Banks with Bigger Unrealized Losses than their Equity Capital,"https://www.fau.edu/newsdesk/articles/unbooked-losses-banks-capital-equity

Over 50 US banks had losses greater than 50% of their equity capital. ",https://www.reddit.com/r/wallstreetbets/comments/1dw3im6/4_us_banks_with_bigger_unrealized_losses_than/
CyborgAlgoInvestor,1673761816.0,39959,2917,Man loses a 1.4 million dollar bet to win‚Ä¶ 11k. A loss that puts Wallstreetbets to shame:,,https://i.redd.it/y1io68w7t6ca1.jpg
VeganFoxtrot,1701266624.0,5843,1114,GM buying back 1/4 of the stock of the entire company,"Valued at 4 pe, is one of the worst valued stocks in the market...company makes 160 billion a year, twice as much as Tesla and trades for peanuts. This is them saying/implying, if you don't respect our stock, we'll just buy it all back and go private.",https://www.cnbc.com/2023/11/29/gm-buyback-dividend-guidance.html
rlfcsf,1710401870.0,4398,688,Adidas posts first loss in 30 years and warns on US,,https://www.reuters.com/business/retail-consumer/adidas-warns-2024-sales-decline-over-stocked-north-america-market-2024-03-13/
wayvywayvy,1717293580.0,4810,368,Made $700 in ~4 years in trading stocks! Took me 20 years to MASTER THIS SKILL! Excited for 2030!,I‚Äôm great at flipping coins! Ask for tips below!!,https://i.redd.it/mb22vi2if24d1.jpeg
-Fervor-,1704832752.0,4507,1054,"$500k Loss Porn, Repost but idk what mods want there‚Äôs so many positions.","Like nearly 100% SPY 0DTE positions with some TSLA inbetween. 24 years old. Made most of this money from Crypto in 2021 so it‚Äôs not like it was my retirement. But yeah you can imagine how I feel, hopefully you boys feel better about your losses.",https://www.reddit.com/gallery/192oy09
noobtrader28,1723476521.0,3509,293,Bought the chip stock dip.. took profit and sold (77k gainz),,https://i.redd.it/2woc1pwc49id1.png
AltruisticFishing852,1722962141.0,2542,433,Goodbye stock market ,"Yolo QQQ puts got destroyed and all my money gone, take much care my friend.",https://i.redd.it/u1rwbqf1n2hd1.jpeg
Swatieson,1718394685.0,2220,875,The market is NVDA. Put everything on NVDA and retire. Unstoppable stock,,https://i.redd.it/487awypjdl6d1.png
Apprehensive_Floor78,1689348121.0,8474,1542,"Quit my job and converted my 401k to self directed brokerage. Loss porn, happy Friday y‚Äôall!","Quit my job and converted my 401k to self directed brokerage. Loss porn, happy Friday y‚Äôall!

Quit my job on 10/14/2021. Went into FOMO mode and went YOLO on Bed Bath and Beyond with total regard. Lost around $400k Just started a new job and slowly climbing out of the hole I dug myself.",https://i.redd.it/s7lrvaya7ybb1.jpg
BananaBoy1748,1718384306.0,2383,706,Officially quitting 67k loss over 3 years,"I love you all as you‚Äôve brought me nothing but rushes of joy and nonstop heart palpitations but I just can‚Äôt do it anymore.  Options just isn‚Äôt for me. Lost 67k over the course of a few years from just options alone. Life would be so much better if I just deleted the app. The rush just isn‚Äôt worth it anymore y‚Äôall. Plus I‚Äôm broke atm LMAO so onto bigger and better things. I‚Äôve got a future to think about
",https://i.redd.it/cl1sakgsik6d1.jpeg
Tom_Ford-8632,1704817442.0,3634,1316,The Stock Market Has Generated No Real Returns Over the Last 50 Years.,"If you traded a bar of gold in 1972 for a share in the S&P 500, over 50 years later your share would be worth that same bar of gold.

https://preview.redd.it/063s8uhzrmbc1.png?width=624&format=png&auto=webp&s=275d71f796a94ef498d1090bdc32cfee474f44d3

Since we went off the gold standard, the stock market has not increased in real value. It has only preserved wealth. This can be further illustrated by dividing the S&P 500 by the M2 Money Supply.

https://preview.redd.it/q56zbzv0smbc1.png?width=621&format=png&auto=webp&s=55f52f44ab422f53ce554e52a9b9c79ac6216a6c

But we have had gains in productivity over the last 50 years - Computers, The Internet, Automation, Globalization, Artificial Intelligence ‚Äì where have all the gains in productivity gone? To the middle class? Obviously not, but let‚Äôs illustrate it anyways.

https://preview.redd.it/z09ys082smbc1.png?width=624&format=png&auto=webp&s=0648836530a4cfd85be03ef6039010b5b532edaf

Which leaves one final culprit. The government.

https://preview.redd.it/hiblxpm4smbc1.png?width=621&format=png&auto=webp&s=1c533c14279fa5cf31917df533c846f8ed89332c

The government has effectively taxed all productivity gains in society at an average rate of 100% over the last 50 years - since we went off the gold standard.

If enough people care, I'll post a part 2 explaining how I think they've done this.

*Edit: I had no idea so many people invested in the S&P just for the 1.5% dividend, nor that they were able to perfectly reinvest their dividends without incurring any commissions, management fees, or taxes, for the last 50 years. You‚Äôll all have to tell me your secrets.*

*The post did generate enough interest though so I‚Äôll post a part 2 Soon**^(TM)*

*Edit 2: Part 2 is up:* [*https://www.reddit.com/r/wallstreetbets/comments/193achg/part\_2\_the\_stock\_market\_has\_generated\_no\_real/*](https://www.reddit.com/r/wallstreetbets/comments/193achg/part_2_the_stock_market_has_generated_no_real/)",https://www.reddit.com/r/wallstreetbets/comments/192ik9f/the_stock_market_has_generated_no_real_returns/
all-kinds-of-gainz,1674862012.0,41950,1212,Bullish on tech layoffs,,https://i.redd.it/4feeo60oopea1.jpg
AceBooogiiie,1727707962.0,1613,485,Loss Porn,"Started in 2021 with a 3k loss to that whole GameStop, AMC thing, 1k to SNDL, 2k to NVDA, 1k to TSLA and 1k in random positions. It was money I could afford to lose in order to teach myself to trade, common factor I noticed was that as soon as I bought into the position it tanked immediately, every time. Not giving up though, I‚Äôve seen people in this sub make life changing money from one trade, I‚Äôll get there ü•π",https://i.redd.it/xoiqmcxsmyrd1.jpeg
SUBLOLLIPOP,1714947882.0,5382,332,Calls on Hitman-associated stock,,https://i.redd.it/n529rcbjooyc1.png
ss_400401,1688927740.0,13080,846,WSB regards when they make $10 in profit after losing thousands,,https://v.redd.it/o7wkvt4ahzab1
CAPNHODL,1719510982.0,2110,726,Loss update 655k,"Reloaded 100k

These are the biggest options holdings: 

TSLA 29k
CORZ 42k
NVDA 10k
SPWR 10k 
MU 6.5k


",https://i.redd.it/rfeooi2zk59d1.jpeg
Naive-Historian-2110,1701109313.0,4621,1037,"My advisor sold my Nvidia stock when I hired him, losing me $50k in potential profit. How do I deal with this?",,https://biz.crast.net/ask-an-advisor-my-advisor-sold-my-nvidia-stock-when-i-hired-him-losing-me-50k-in-potential-profit-how-do-i-deal-with-this-smartasset/
glennfromglendale,1672659181.0,26066,1492,Most bullish indicator a commodity can have? Sticking it up your ass of course!,,https://i.redd.it/dhg7pv3f8m9a1.jpg
Drunyako,1723024525.0,1505,924,"Lost at sea. My stock market nightmare.
","Hey Reddit,

I'm a sailor, busting my ass on a ship and trying to build my financial future by investing in the stock market. It's my little hobby while out at sea. So, right before heading out, I left with some open positions. No big deal, right? Well, I had no internet the whole time we were out. When I finally got back to a place with internet and checked my portfolio, I was in complete shock. My investments tanked. Now I'm stuck, investing is truly my calling. What would you do in my shoes?

https://preview.redd.it/4ux1plqis7hd1.png?width=294&format=png&auto=webp&s=f2071a3895c05e29c1bdfa3c59f91b624978d6c9

",https://www.reddit.com/r/wallstreetbets/comments/1em7slq/lost_at_sea_my_stock_market_nightmare/
GrowthElectronic8147,1668466192.0,30727,1712,This FTX situation gets more insane by the minute üíÄ Where does it go from here? How will this effect related stocks & those who were heavily invested once their info becomes public knowledge?,,https://i.redd.it/es4mait2xzz91.jpg
Stickittothemainman,1708651303.0,2881,1090,"Warren Buffet bought a huge chunk of a ""Mystery Stock' was granted permission by SEC to not publicly list it, it will be revealed Saturday a",,https://www.cnbc.com/2024/02/18/buffetts-berkshire-keeps-new-stock-pick-secret-again-what-it-means.html
TotherCanvas249,1657179865.0,36995,4454,bearish on $TSLA,,https://i.redd.it/0j6qrq71p3a91.jpg
bored_in_NE,1657983877.0,50526,2759,Chip stocks to the moon,,https://i.redd.it/9vh5xcgi3yb91.png
mattibwoi,1684528181.0,11057,999,Never believed I would end up posting here... 328k loss in 2 years,,https://i.redd.it/72lz1fkjlu0b1.png
ayatergava,1722010350.0,3278,281,U.S. charges short seller Andrew Left of Citron Research in $16 million stock manipulation scheme,,https://www.cbsnews.com/news/andrew-left-citron-research-charged-stock-manipulation-scheme-sec-doj/
_all_lives_matter_,1670197237.0,20776,1555,Someone purchased $1.3 BILLION worth of $AAPL stock on Friday at the closeüòÆ,,https://i.redd.it/49zb21awd04a1.jpg
Randy00551,1674075566.0,9961,2815,2 years straight of daily losses to $SPY options‚Ä¶ any recovery ideas? It‚Äôs starting to make me sick,,https://i.redd.it/9hli2op5qwca1.jpg
Professional_Jump248,1716183326.0,2717,502,Bullish or Bearish?,,https://i.redd.it/w0um3d55qi1d1.jpeg
BaconMeetsCheese,1681579172.0,34243,608,One does not simply become profitable‚Ä¶,,https://v.redd.it/m5zu5838i4ua1
Coda70,1714958422.0,3116,456,This is what it looks like when you actually take money out. Protect your profits!,"I take out $10,000 a month to keep me from doing me things‚Ä¶ Being too greedy. 

I don‚Äôt fuck with 0dte. It‚Äôs too hard to thread the needle and outpace the theta drain. Right now, I am buying July at the money calls. I pretty much just play the big boys of Mag 7. I just made a killing with Apple and Amazon monthlies, took my $10k withdrawal for May, and now I‚Äôm sitting cash waiting for a bloody day to re-enter.

I am a Permabull. The only time I went short is that the beginning of the pandemic. Stonks usually go up.

I‚Äôm usually too optimistic and get into early but if your calls still have a couple months until expiration, there is time to recover. 

I keep my account close to balanced, 50% shares and 50% calls. That way if there‚Äôs a disaster, you‚Äôll still have your shares. I use the margin off the shares to play options.

Now that I‚Äôve taken out $150,000 and spent it on building a bad ass guest house on my ranch there‚Äôs no way I could ever end up in the hole. The trick is finding a way to protect yourself from your own greed. It‚Äôs easy to make your account go up but most of us stay in too long and get wiped out.  If you move money into a hard asset you can‚Äôt go tits up. I learned the hard way.  Got wiped out a few times and recovered.  But now that I stick to the plan it‚Äôs been a solid extra 6 figure income for me.

My main money is in my Fidelity retirement account and RH is my play account where I do riskier plays.  

I‚Äôve been on WSB for over 5 years.  Gained a lot of insight into sentiment so I thank you all for that.  I made this post to thank you guys and share my method for protect myself from my greed.  We‚Äôre all greedy as fuck but if you move some chips off the table after a big win you‚Äôll be just fine.

If you want to see more about my method you can see my earlier posts about printing stoned tendies.  Good luck to us all!

https://www.reddit.com/r/wallstreetbets/s/7w1DUkISA4

https://www.reddit.com/r/wallstreetbets/s/1IMHzQsZqK",https://i.redd.it/340tcumvjpyc1.jpeg
BrexitBitcoin,1657138665.0,23846,3471,GAMESTOP ANNOUNCES FOUR-FOR-ONE STOCK SPLIT,"GAMESTOP CORP SAYS TRADING WILL BEGIN ON A STOCK SPLIT-ADJUSTED BASIS ON JULY 22, 2022

&#x200B;

GAMESTOP UP 5.2% IN EXTENDED TRADE AFTER CO ANNOUNCES STOCK SPLIT

&#x200B;

[GAMESTOP UP 5.2&#37; IN EXTENDED TRADE AFTER CO ANNOUNCES STOCK SPLIT](https://preview.redd.it/4gpy04rha0a91.png?width=472&format=png&auto=webp&s=078afae5922b9fa046276b2a06db2e785f6b6e2c)",https://www.reddit.com/r/wallstreetbets/comments/vszfxl/gamestop_announces_fourforone_stock_split/
Fine-Perspective-714,1691474267.0,5873,1043,MY (f19) BF (22M) JERKED OFF TO THE STOCK MARKET??," 

I know the title sounds deranged, but I swear to god im not a troll. Here‚Äôs the context:

My bf and I are long distance, so we used to have plenty of phone sex, however, that‚Äôs been happening less and less often as our relationship has gone on (according to him, he just doesn‚Äôt feel as horny as often anymore). We‚Äôve met and had relations irl a few times, and he‚Äôs always the kind to last very long in bed, and during phone sex as well. I used to be insecure about it, thinking that maybe it was something wrong with me, but hes genuinely a great bf who constantly assures me, and has never once said anything bad about our sex life.

It should be noted that he watches plenty of porn (as do I), and neither of us see that as an issue, so this isnt about him hiding porn from me or something. We were calling today, and I was playing a game on my phone (papa‚Äôs cupcakeria, you can‚Äôt make this shit up), and after about twenty minutes of us doing our own thing, he suddenly goes ‚Äúim done‚Äù and shows me his cum????? Obviously, I get really confused and ask how the hell he was jerking off this whole time without me realising (we were on video call), before mentioning that I thought he was looking at the stock market (he spends his free time just staring at the stock market for hours on end like a lunatic, but I love him so it‚Äôs whatever).

Tell me why this man then looks me in the eyes and goes ‚Äúyeah, I was looking at the stock market, I was too lazy to look for porn.‚Äù

It then hits me that he literally just CAME to the stock market. When I point this out to him, all he said in response was ‚Äúit‚Äôs a man thing, I didn‚Äôt wanna bother you while you were playing your game‚Äù and told me not to worry about it.

Now, I don‚Äôt want to sound insane, but I got a bit upset, because in my head, he could have very easily asked to have phone sex with me, but chose to literally jerk off to the stock market instead. To add insult to injury, he came REALLY quickly (like significantly quicker than he would during anything involving me) which makes me feel like SHIT, because there is no way the goddamn stock market is somehow more stimulating than his own damn girlfriend.

Don‚Äôt get me wrong, i‚Äôm not super genuinely upset, but you‚Äôve gotta admit this shits gonna hurt your pride if it happened to you. I honest to god have no idea how to even move forward after this, and I just needed to type this out, because no one would believe me otherwise üíÄ",https://www.reddit.com/r/wallstreetbets/comments/15l972u/my_f19_bf_22m_jerked_off_to_the_stock_market/
MoneyValueSafe,1680271781.0,21576,685,"Where I sold my calls on natural gas this week, to avoid further losses...",,https://i.redd.it/k3fbxk0413ra1.png
GAMorgan-,1725987820.0,2035,311,Walgreens is the worst performing stock in the S&P 500 this year,,https://sherwood.news/business/walgreens-is-the-worst-performing-stock-in-the-s-and-p-500-this-year/
sam19809,1677025565.0,12567,1072,What with the tech stocks. Brutal day.,,https://i.redd.it/6yfnqto0eoja1.jpg
Geoffs_Review_Corner,1717503246.0,2454,472,"NYSE to ‚Äúbust‚Äù all the ‚Äúerroneous‚Äù trades of Berkshire Hathaway stock at or below $603,718.30 a share","""Investors who purchased shares in Warren Buffett‚Äôs Berkshire Hathaway yesterday at a huge discount will see their trades canceled following a technical issue on the stock exchange.

On June 3, a data glitch led the global conglomerate‚Äôs stock price to fall to $185 a share, having previously closed at over $620,000. The drop meant a more than 99% discount on the Warren Buffett-led company.

This means a trader who snapped up just $925 worth of the stock at the rock-bottom price would now see their investment worth over $3 million today.

While it hasn‚Äôt been confirmed how many people purchased the Class A stock during the technical error‚Äîwhich lasted for around an hour and a half‚Äîthe New York Stock Exchange (NYSE) has swiftly undone their trades.

In an update posted at 9 p.m. last night, NYSE said it would ‚Äúbust‚Äù all the ‚Äúerroneous‚Äù trades of Berkshire Hathaway stock at or below $603,718.30 a share.

The issue, the exchange added, is related to a problem at the Consolidated Tape Association (CTA), which provides real-time information about quotes and trades on the exchange. The CTA oversees part of the Securities Information Processor (SIP) which consolidates all protected bid/ask quotes and trades into a single data stream.

The CTA said it experienced problems with price banding which ‚Äúmay have been related to a new software release‚Äù on SIP. As a result the CTA has reverted to the previous version of the software. The CTA did not immediately respond to Fortune‚Äôs request for comment.

During the blip, the NYSE placed halts on certain trades, and will seek to determine which are erroneous and thus eligible to be canceled. The technical issue has now been resolved, it added, with all tickers trading as normal.

Traders who didn‚Äôt hop on a discounted Berkshire Hathaway stock but did buy heavily discounted shares in other brands will also be subject to having their trades struck off‚Äîwith the ruling not eligible for appeal.

Other tickers that were impacted include American restaurant chain Chipotle (CMG), mining company Barrack Gold Corporation (GOLD) and meme stock darling"" \*redacted\*. 

\[Full Article\](https://fortune.com/2024/06/04/warren-buffett-berkshire-hathaway-discount-deals-canceled/)",https://www.reddit.com/r/wallstreetbets/comments/1d7vn6u/nyse_to_bust_all_the_erroneous_trades_of/
PlutosGrasp,1720042804.0,3439,270,Nancy Pelosi disclosed stock market trades made by her husband. He loaded up on AI plays like Nvidia and sold Tesla.,,https://markets.businessinsider.com/news/stocks/nancy-pelosi-stock-market-trades-buys-nvidia-sells-tesla-disclosures-2024-7
BoringPudding3986,1722866877.0,2062,384,"If iTs GoOd EnOuGh To ScReEn ShOt ItS GoOd EnOuGh To SeLl - 19,000% profit. Locked In.",,https://i.redd.it/0v7sh3xrrugd1.jpeg
__D__a__n__i__e__l__,1711484311.0,2478,761,Earnings for THAT stock,"Net sales were $1.794 billion for the fourth quarter, compared to $2.226 billion in the prior year's fourth quarter.

Selling, general and administrative (‚ÄúSG&A‚Äù) expenses were $359.2 million, or 20.0% of net sales, for the fourth quarter, compared to $453.4 million, or 20.4% of net sales, in the prior year's fourth quarter.

Net income was $63.1 million for the fourth quarter, compared to net income of $48.2 million for the prior year‚Äôs fourth quarter.

Cash, cash equivalents and marketable securities were $1.199 billion at the close of the quarter.

Long-term debt remains limited to a low-interest, unsecured term loan associated with the French government's response to COVID-19.",https://www.nasdaq.com/press-release/gamestop-reports-fourth-quarter-and-fiscal-year-2023-results-2024-03-26
Ok_Significance_4008,1696626748.0,5014,772,"LCID Stock: Lucid Motors Loses $338,000 For Every Car It Delivered",,https://investorplace.com/2023/10/lcid-stock-lucid-motors-loses-338000-per-car
EdoBillions,1725103797.0,1313,622,UPDATE: What if you had just bought the highest market cap stock and rebalanced anytime a new stock took its place? PART 2,"Okay, so my last post got a good amount of comments.

 If I‚Äôm doing this right, from 1994 to 2023 this strategy averaged 22% in an extreme scenario in which you had to rebalance every year. 

However, as mentioned in the previous post, on average the rebalancing (selling 100% of the previous highest market cap stock and then buying with 100% of my portfolio the new highest market cap stock) occurred every 2.9 years. 

But what if we were to extend the back test to more than just 30 years? Here‚Äôs part 2 of this strategy: 1981-1994. This is how far back I could go, I couldn‚Äôt find yearly returns of stocks listed in the previous years. 

Again, this strategy will ONLY be applied to USA companies as so will the strategy. 

Results: from 1981 to half of 1988 the highest market cap was IBM. The returns during those years would have been: -16.19% in 1981; +69.22% in 1982; +26.75% in 1983; +0.92% in 1984; +26.30% in 1985; -22.83% in 1986; -2.89% in 1987 and +4.5% in half of 1988. 

Then XOM became the biggest market cap halfway through the year of 1988 and kept its dominance until the end of 1991. The returns would have been the following: +10% in half of 1988; +19.63% in 1989; +8.85% in 1990 and +23.30% in 1991. 

At the very start of 1992, GE became the highest market cap stock and it held its dominance throughout 1994. The returns would have been: +15.10% in 1992; +26.04% in 1993 and +0.21% in 1994. 

That leads us to an average pre tax return rate of 26.9%. With taxes, applied on the average of rebalancement during these years, which was 1 rebalancement every 2.14 years (in the calculations I considered every 2 years) we get an average after tax annual return rate of 21.27%. 


But how was the market doing during these times? From 1988 to 1994 the s&p 500 averaged an annual return rate of 13.5%.  The total backtest (part 1 and part 2) proves this strategy would have on average returned twice as much as the s&p 500 over the course of the last 37 years. 


PLEASE ALSO NOTE THAT IM NOT CURRENTLY USING THIS STRATEGY AND NEITHER SHOULD YOU IF NOT PROPERLY STUDIED BY EXPERTS.

PLEASE DONT JUST RANDOMLY START USING THIS STRATEGY ",https://www.reddit.com/r/wallstreetbets/comments/1f5l4c6/update_what_if_you_had_just_bought_the_highest/
batyrshah,1715512547.0,3193,373,Buffett's selling stocks like Apple as he sees trouble ahead. Berkshire raises its cash pile to a record $189 billion - Business Insider ,,https://www.businessinsider.com/warren-buffett-berkshire-apple-stock-sales-dietrich-market-crash-recession-2024-5
weak_and_creamy,1674009856.0,15034,994,"Enron Musk wouldn't lie about not dumping any more stock ""for 2 years"", right?",,https://i.redd.it/lkhjirdvspca1.png
dazli69,1682179903.0,6832,1337,BULLISH.,,https://i.redd.it/udl0xa3i4iva1.jpg
LegitosaurusRex,1711644633.0,2534,663,RDDT is a sinking ship. First time shorting a stock.,,https://i.redd.it/dkp8fkh1u3rc1.jpeg
jungletrooper,1696023297.0,3770,1237,My loss today and advice for others,"This is not to illicit sympathy as I deserve none on this.  I took some bad losses by not being able to close out a Put yesterday afternoon due to bad wi fi and got stuck holding a NVDA put into this morning.  

Immediately it was at a severe loss, so I took my other plays and tried converting them over to higher outs to cover and try and make up my losses.

I ignored every rule of this
-I chased losses down
-I liquidated long term options to try and recoup with 0 day expirations
- I held to the bitter end instead of preserving capitol

Trust me, this is a person who knew what he was doing and just ignored it trying to make it all back quickly.  It‚Äôs pretty obvious gambling problem- so after the multiple times I said ‚ÄúI‚Äôm done‚Äù - I actually closed my account today.  Pretty much didn‚Äôt have the choice with no capitol left to invest.

What I‚Äôm going to focus on is working on other stuff including my addiction (I did take the last few dollars and put them in powerball to make it a ‚Äòclean-sweep‚Äô wipeout of funds).

I look forward to not waking up early for the market, or stressing out over options held overnight anymore.  And relentlessly following every board and investment site.  In a way it‚Äôs sort of freeing.  I know when I am not distracted by this, I end up working harder in other parts of my life.  So it may be a blessing in disguise.

I have faith that this is a better path for me, I have my faith that god has something better for me long term.  And if not, then I take pride knowing that some people‚Äôs lives are meant as an example/warning to others on what not to do.  If that is my role in life-so be it

My advice to others
- don‚Äôt compound losses, if you lost on something- take a step back.  Don‚Äôt try to double down or increase your exposure trying to minimize a loss
- stick to your plan, I sure didn‚Äôt and paid the price.  When it‚Äôs quickly changing prices, it‚Äôs sometimes a panic moment of throwing your game plan out the window
- take a break for a day, it‚Äôs interesting and sometimes fun to do this, but it eats up a lot of time , you don‚Äôt have to make plays everyday 
- most retail traders lose on options, it‚Äôs just the number of statistics and time- there are very few that can make real money doing it and it requires discipline to do so.  If you aren‚Äôt one of those people, maybe this isn‚Äôt for you
- yes, this is gambling if you are doing options.  Don‚Äôt try to convince yourself otherwise, this does have technical aspects of it that are skill and learning- but it is a large part of gambling on this as all the research in the world won‚Äôt overcome MMs who prop up stocks or manipulate prices.  There is so much manipulation on options to make sure you don‚Äôt cash in big - it‚Äôs why we have terms like ‚Äòmax pain‚Äô.  Because they are trying to maximize their gains- the house eventually always wins
- it‚Äôs very corrupt.  There is unlimited money going against you the retail trader, they can artificially hold up a stock price until options expire or manipulate stock issuances.  They are Billionaires (predators) and you are their prey.  They didn‚Äôt get rich by having morals or fair play in their portfolio- and they have unlimited resources to screw you over.  You can complain all you want, but there is nothing you can do about it- you chose to play their  game and it‚Äôs game rigged against you.  But as long as YOU choose to play, you are the one deciding your future.  Can‚Äôt complain about it, if you knowingly participate.
-for every winner, there are two losers.  Your winnings didn‚Äôt come artificially in a vacuum.  Someone has to lose for your gains- so be careful who you rub it into 

At the very least if one person takes a small amount of advice from this and makes some corrections in their own life for the better - then my loss definitely was worth it then.


Thank you all and I wish you good fortunes in this or whatever you do",https://i.redd.it/jc4mv121k9rb1.jpg
FarLog4503,1669089532.0,15343,1201,Elon Musk's 2022 Wealth Loss Exceeds $100 Billion for First Time,,https://www.bloomberg.com/news/articles/2022-11-21/elon-musk-s-2022-wealth-loss-exceeds-100-billion-for-first-time
cjbrigol,1663252889.0,14145,1880,Don't be a hero. This is my retirement accounts by going all in on mostly stocks and very rarely options. Peak was $1.7m. It'll be $10m+ soon enough.,,https://i.redd.it/ywgoejj3b1o91.png
nebn3355,1664992182.0,12958,1826,Final loss porn: I'm out. Back to corporate life :(,,https://i.redd.it/2ua499k2z0s91.png
Creative_Spend_6243,1663468935.0,23609,1114,Does this guys tweet count as loss porn?,,https://i.redd.it/mdefqhco5jo91.jpg
SilverMilk0,1715854414.0,2778,387,Indirect loss porn: I spend $30k a year for a Bloomberg terminal I've only used about a dozen times (I'm locked into a two year contract),,https://i.redd.it/lbtjmx9tjr0d1.jpeg
Similar_Diver9558,1716516449.0,3634,280,"Nvidia CEO Jensen Huang‚Äôs net worth rockets to $90 billion - after stock soars well over $1,000 per share",,https://www.forbes.com.au/news/investing/nvidia-ceo-jensen-huangs-net-worth-rockets-to-90-billion/
bringontheworld,1712262633.0,2422,601,Closed my 300 puts this morning  for 600$ - took a 5k loss- now worth 150k,FML ,https://i.redd.it/bvfcmwtwvisc1.jpeg
hgyyyyyyyyyii,1660867494.0,12318,2120,BBBY üê≥ FINAL UPDATE : 2M (3.2M net) ‚Äî> 5.4M ‚Äî> 2.1M. NET LOSS ~1.1M,,https://www.reddit.com/gallery/wrz16l
drwtsn1,1636905949.0,51813,3804,Blame Bernie if Elon sells more Tesla stock lol,,https://i.redd.it/ub5jsn5a4lz71.jpg
xltaylx,1648758510.0,22569,2585,GME Stock Split SEC Filing,"[https://www.sec.gov/ix?doc=/Archives/edgar/data/0001326380/000132638022000038/gme-20220331.htm](https://www.sec.gov/ix?doc=/Archives/edgar/data/0001326380/000132638022000038/gme-20220331.htm)

[I don't want to brag but I definitely called this during the last run up.](https://www.reddit.com/r/wallstreetbets/comments/tqhwt9/what_are_your_moves_tomorrow_march_29_2022/i2h8t46/)",https://www.reddit.com/r/wallstreetbets/comments/tt8wrc/gme_stock_split_sec_filing/
trapmitch,1641655282.0,34585,3110,"Is it illegal to keep withdrawing money from a bank account deposit it at a different bank, transfer it back over and withdrawing it again to cause a bank run to short a stock?","I just found out a local shitty bank is a publicly traded stock with a 2 billion dollar market cap. And I‚Äôd like to short it.

My plan is to withdraw cash like 100$ from them and deposit it with a different bank then transfer it back to them and withdraw the same 100 $ until they run out of physical cash. I would then go around and let people know that when I tired withdrawing money from them that there was no cash to withdraw. 

This in turn should cause a bank run and I‚Äôm assuming a decent amount of people would close their accounts leading for the stock price to fall. 

Puts are extremely cheap and I would love for this bank to go out of business or lose public trust.  

HAs anybody tried this method before?  Are there any REAL downsides?",https://www.reddit.com/r/wallstreetbets/comments/rz25wv/is_it_illegal_to_keep_withdrawing_money_from_a/
Xtianus21,1726285973.0,1936,267,Sam Altman told OpenAI staff the company‚Äôs non-profit corporate structure will change next year,,https://fortune.com/2024/09/13/sam-altman-openai-non-profit-structure-change-next-year/
marq111,1646221465.0,24513,2728,Don't go into Russian stocks,"Fellow apes, please do yourself a favor and don't even consider buying the dip of Russian stocks.

On the London Stock Exchange, equities like Gazprom, Sberbank, Lukoil etc. already went to zero (literally -99.9%) trading at a few cents a share.

Investors are unloading the shares as pressure rises and the liquidity in the US will disappear too, although it seems it's happening slower than in the UK. The fact that MOEX is closed doesn't matter because even when it opens, foreign-held shares won't be permitted to be sold there, so it's irrelevant what the share prices there will be.

Russian stocks are going to zero, and ADRs will be decoupled from their respective prices at MOEX.",https://www.reddit.com/r/wallstreetbets/comments/t4ydnt/dont_go_into_russian_stocks/
Iky-Greenz,1713911423.0,2296,542,Tesla stock surges as EV maker will 'accelerate' the launch of cheaper cars,,https://ca.finance.yahoo.com/news/tesla-earnings-q1-175358835.html
rjRyanwilliam,1695026154.0,5201,633,What if you invested 1000 dollarss in various stocks in 2019,,https://v.redd.it/kcr04qlz6zob1
PurpleTrainn,1714866871.0,2007,632,HIMS company stock drops after CEO applauds & offers employment to protesters,"After Andrew Dudum, CEO of the hair loss treatment company Hims & Hers tweeted on May 1st applauding the ‚Äúmoral courage‚Äù of the Pro-Palestine protesters, his company‚Äôs stock dropped drastically. Opening on May 3rd at $12.24, the stock price dropped a total of 8% ending the day at $11.26.

The CEO‚Äôs tweet stated ‚ÄúMoral Courage > College degrees‚Äù among other things encouraging protesters. He then went to end the tweet with a link to his company, telling the pro-Palestinian audience to apply. Leaving a message that protesters are hirable ‚Äúregardless of university discipline.‚Äù

This situation highlights the consequences of Free Speech on business owners and investors.
Even free speech that is against what many call a genocide.

In response to this, many TikTokers in support of Palestine have created videos accentuating this event and calling for the support of the company; amassing hundreds of thousands of views & comments claiming to purchase stocks in $HIMS.
",https://www.reddit.com/r/wallstreetbets/comments/1cke363/hims_company_stock_drops_after_ceo_applauds/
Lavalamp-6284,1710353566.0,2141,850,What happens to the stock market when all the boomers die? They‚Äôll be withdrawing and spending all their money during retirement,,https://i.redd.it/4h3e6yz975oc1.jpeg
ThanosTheBalanced,1649956507.0,30545,1641,Mark Cuban thinks Elon plans to sell $TWTR for a profit,,https://i.redd.it/n4th5jfa2jt81.jpg
maslumgray,1723115897.0,2035,304,"Intel shareholders sue chipmaker after job, dividend cuts cause stock plunge",,https://www.reuters.com/legal/intel-is-sued-by-shareholders-alleging-securities-fraud-2024-08-07/
s1n0d3utscht3k,1675871698.0,7987,1069,Google AI chatbot Bard offers inaccurate information in company ad; stock down -7.5%,,https://www.reuters.com/technology/google-ai-chatbot-bard-offers-inaccurate-information-company-ad-2023-02-08/
ETsUncle,1705746694.0,2918,644,China‚Äôs $6.3 Trillion Stock Selloff Is Getting Uglier by the Day,,https://www.msn.com/en-us/money/markets/china-s-6-3-trillion-stock-selloff-is-getting-uglier-by-the-day/ar-BB1gWgmj?ocid=msedgntp&pc=U531&cvid=2e7d4a32d02541e58e42eaed772c765b&ei=12
Abject_Resolution,1671464837.0,9901,1070,I‚Äôve lost over 75 K on options this year. Here how much I‚Äôm down on stocks‚Ä¶ Christmas is cancelled this year.,,https://i.redd.it/2fwjw0e43x6a1.jpg
stevepham20673,1671838042.0,11106,908,Turkey‚Äôs people get a return in their money of -94% over a decade. Surprise that they didn‚Äôt post loss porn yet,,https://i.redd.it/is1xa4muwr7a1.jpg
cuki321,1647823130.0,18842,2233,"On the plus side, he can claim a loss every year for the rest of his life‚Ä¶",,https://i.redd.it/q4a7a3znumo81.jpg
Mandoriax,1719569488.0,1837,440,Nike stock price halved within ~30 months,,https://i.redd.it/2wzintqwea9d1.jpeg
Signal-Coffee1156,1678316229.0,5208,1584,Stock market will crash in 60 days,,https://i.redd.it/rxnu5eqtzmma1.jpg
-xfactor,1631564717.0,37858,2991,"2 years ago, I Yolo‚Äôd my entire life savings into an Australian mining penny stock (no longer considered a penny stock by WSB rules). Started with $100k initial investment at 8c levels and have been averaging up each month ever since. This has been life changing. No one in my personal life knows",,https://www.reddit.com/gallery/pnnmzn
Beginning-Way-895,1699474667.0,5036,433,Adidas may write off value of unsold Yeezy stock ‚Äì worth $500 million,,https://www.forbes.com.au/news/investing/adidas-could-write-off-value-of-unsold-yeezy-stock-worth-500-million/
Pure_Swan_585,1713329095.0,1519,1156,14k loss at 19 years old. I need a big options play my fellow regards.,,https://i.redd.it/sasqatu1zyuc1.jpeg
GroovyJungleJuice,1643915580.0,24814,1727,What the actual fuck mods? Who pissed in your fucking cheerios to make you want to remove any joy from this place? This sub looks like fucking r/stocks without memes or pictures. It‚Äôs actually terrible I don‚Äôt understand what you could possibly have been thinking.,Half the posts on this sub were fucking loss or gain porn pictures you absolute morons. I‚Äôve never judged y‚Äôall for your sexuality but man this has to be one of the most shit for brained decisions I‚Äôve ever seen on Reddit. Do you think this sub grew 10x in the last two years because of the quality DD text posts on here? Jesus fucking Christ you absolute dolts,https://www.reddit.com/r/wallstreetbets/comments/sjrjce/what_the_actual_fuck_mods_who_pissed_in_your/
polloponzi,1664363419.0,12621,990,"This is not some sh*tcoin or Ponzi-stock, this is the UK Government‚Äôs 40-yr bond. Imagine being close to retirement & buying this close to 100 in Dec last year because you were told ‚Äústocks are too risky‚Äù, and now sitting with it at 25.",,https://i.redd.it/bbdx331e1lq91.jpg
OkIncident5269,1680636480.0,8418,650,FED: ‚ÄúThe U.S banking system is fine‚Äù‚Ä¶. U.S Banking System: ‚ÄúBiggest monthly loss in deposits in history‚Äù,,https://i.redd.it/35rzwpd4nyra1.jpg
B3stAuD1t0rofA11tiME,1712249619.0,2181,540,Weed Stocks Already Got Smoked Twice - Low Risk My Ass,"This is Tilray‚Äôs market cap trend and you guys want to pump round 3? I‚Äôm in. 
",https://i.redd.it/tllg2ur7thsc1.jpeg
weedmylips1,1708675347.0,2255,663,Don't be a regard and buy stocks from eavesdroping on wife's business calls,"
Tyler Loudon, a 42-year-old Houston man, learned this lesson the hard way. He pleaded guilty Thursday to securities fraud for buying and selling stocks based on details gleaned from his wife‚Äôs business conversations while both were working from home. He made $1.7 million in profits from the deal, but has agreed to forfeit those gains.

https://apnews.com/article/insider-trading-fraud-work-from-home-35e80f7a8bb299b0e35e4bceffb9709e

If you're gonna do it at least post the gain porn for us to see before you go to prison

Edit: I looked more into how he was caught and found this:

According to the SEC, Loudon stunned his wife by admitting he bought the shares to make enough money so she could work shorter hours.

She then notified BP and she was put on leave and then fired even though she had no knowledge he was going to do it.

She then filed for divorce.

Although I think she would wonder when they do their taxes why they owe $500k+ in taxes

Here's the full SEC complaint: https://www.sec.gov/files/litigation/complaints/2024/comp-pr2024-24.pdf

Seems FINRA would have found out

Found on the FINRA website: ""FINRA's Code of Conduct has a restriction that applies to all accounts that require disclosure to them, including those owned by a spouse or domestic partner""",https://www.reddit.com/r/wallstreetbets/comments/1axv7j0/dont_be_a_regard_and_buy_stocks_from_eavesdroping/
Euro347,1713208870.0,3341,295,Zuckerberg Sold Nearly Half a Billion Dollars of Meta Stock In Last Two Months,,https://www.bloomberg.com/news/articles/2024-01-03/zuckerberg-sold-nearly-half-a-billion-dollars-of-meta-stock-in-last-two-months
divine-intervention7,1708523685.0,3687,343,China bans selling of stocks at market open and close,"China has banned major institutional investors from reducing equity holdings at the open and close of each trading day, part of the government‚Äôs most forceful attempt yet to prop up the nation‚Äôs $8.6 trillion stock market.

 Firms affected by the ban are unable to sell more shares than they buy during the first and last 30 minutes of trading, the people said.",https://www.bloomberg.com/news/articles/2024-02-21/china-tightens-grip-on-stocks-with-net-sale-ban-at-open-close?srnd=premium-europe
Special_Yam_1174,1702832598.0,6852,281,Stock market this month.,,https://v.redd.it/mbvaacedzv6c1
jaredjames66,1621338691.0,63636,3134,"GameStop, AMC short sellers sit on nearly $1 billion loss.",,https://www.reuters.com/technology/gamestop-amc-short-sellers-sit-nearly-1-billion-loss-ortex-2021-05-18/
tannerwastaken,1612196248.0,117119,5046,Just bought $1MM worth of $GME. My profits from years of trading. Let‚Äôs stick it to the HFs! ü¶ç strong together. üíé üôå,,https://i.redd.it/6htn6hnn5we61.jpg
xxDIxx07,1707616430.0,1999,901,"This ridiculous bullish trend will lead us to a market crash, triggered by the FED pivot.","Make your money now, then PUTS on everything. Remember this post.

Source: Trust me bro.",https://i.redd.it/42g19q5d4vhc1.jpeg
Dangerous_Piece_8811,1726025149.0,1591,281,"$346,000 loss porn Options",,https://i.redd.it/jjrocuxqm3od1.jpeg
hi-imBen,1649372283.0,29280,971,More bullish news for TSLA and TWTR üöÄüöÄüöÄüåöüåö Ready to penetrate the MOON!!,,https://i.redd.it/yh63vyc3t6s81.jpg
Shuffleshoe,1612002902.0,58634,5680,"Beware those who are shilling other stocks claiming they're the next GME! They're just trying to get your attention, and they're succeeding! üö®","There is no next GME. As our beloved autist Michael Burry said, GME is a unique situation and a perfect storm. You won't find something like this again. They are just trying to move your attention away from GME and scatter us. From the discussion threads and the posts on the frontpage, it seems that they're succeeding.

[Michael Burry tweet on GME](https://twitter.com/michaeljburry/status/1355186794640236561?s=19)

Just look at the AMC thread up on the frontpage at the moment. Half the comments are from new accounts with just a handful of karma. AMC is not the next GME. The 'days to cover' on AMC is less than a day. After an initial uptick it will just fizzle out and you'll be left bagholding.

If you're still unsure, [here](https://www.nextmemestock.com/) you can find a highly advanced AI algorithm showing the next meme stock. (credits /u/adagiolifen)

Edit: I think we even need to the mods to make a post and sticky it. The shilling is really becoming bad now

Buy whatever the fuck you want and whatever you like. All I'm saying is it's not the next GME.",https://www.reddit.com/r/wallstreetbets/comments/l8izo3/beware_those_who_are_shilling_other_stocks/
pvs88,1703887756.0,2264,889,SPX calls $650k loss,"&#x200B;

[SPX 4775 calls loss porn](https://preview.redd.it/8rhaqzc15b9c1.png?width=2692&format=png&auto=webp&s=249322b69bcdfae774e62194910da9b680a33ec3)

1. Dropped $650k on SPX 4775 calls 3 weeks back expecting a santa rally.
2. It worked exactly the way I expected, I was up about $500k last week, should have closed my position. I was really hoping to hit a million.
3. This week has been really choppy and theta killed most of my premiums.
4. Even this morning, I was only \~25% down but the sell off that started at 10.30 AM ET killed my position.
5. Was smoking hopium all of this afternoon expecting it to go above 4775, it finally did but I already lost too much premium to save my position. I needed it to be above 4805 to be break even.
6. It still hasn't hit me fully, I'm at loss of words and mad at myself for not taking profits along the way.
7. It is what it is, hoping to have better risk management for 2024.

&#x200B;",https://www.reddit.com/r/wallstreetbets/comments/18tyw89/spx_calls_650k_loss/
polloponzi,1698459293.0,3996,502,To all my homies and regards: this is the sell signal you were waiting for.,,https://i.redd.it/51fseja5ruwb1.png
CVS_KILLS_PEOPLE,1703708306.0,8004,236,"My neighbor got one of the new Teslas. Seems bullish, just invested 20k.",,https://i.redd.it/7fpoz57ibw8c1.jpeg
Cryptonite323,1611974805.0,73368,4129,Why is no one talking about Mark Cuban‚Äôs tweets? (Link to thread that explains more in comments) WE LIKE THE STOCK üöÄüíéüôåüèª,,https://i.redd.it/nplcihy6vde61.jpg
mooboy333,1612470540.0,69253,4100,People in this sub need to understand that you only invest with the money you can afford to lose. Getting loans for buying stocks or putting your life's savings into this is not a great choice.,"New members of this sub need to understand to only put in money that they can afford to lose. I can see comments of single mother putting her life savings in and college kids borrowing money at a very high interest and going all in.

This is not a joke. Losing money is not a joke. If you get a loan and buy a stock, you are at a risk. Only buy with money that you can afford to lose. Don't put your life savings or retirement corpus on this. 
For people who are getting emotional and going all in against the hedge funds, the hedge funds will have a small scratch and you would be destroyed in the end. The concept of YOLO with buying stocks works only till you don't go bankrupt.

I know this sub is now filled with a lot of new people telling you to buy the dip. Don't get emotional with money. This sub is for people who like to invest money that they can afford to lose, and not your life's savings when you are a single mother.

I know Ill get downvoted to oblivion saying a statement like this, when the whole sub would be filled with ""to the moon üöÄ""
But please don't put in money you can't afford. Don't get loans and buy stocks. Money ain't coming easy and all the money you lost is earned by the hedge funds you wanted to destory in the first place.

___

Edit 1 : I dint expect this post to blow up. I honestly thought it would be downvoted to oblivion. But thanks folks. And I am not paper handed, still holding to the 1 stock I bought. I'll take it to the end. 
I'm not asking people to sell, just to not buy with money they can't afford to lose.",https://www.reddit.com/r/wallstreetbets/comments/lcp8ei/people_in_this_sub_need_to_understand_that_you/
OPINION_IS_UNPOPULAR,1611955406.0,28067,29680,"For those who have been around for a while: What are the most outlandish bets, gains, or losses you've seen on r/wallstreetbets?","* GME / TSLA millionaires

* Gourd 

* GUH!

* 1r0nyman

* guy who drank a pee martini

* guy who tattoo'd WSB on his butt

* fscomeau

* butt sharpies girl

* PRPL

* MSFT / AAPL / DIS calls

* Quadruple witching

* pleas fly again

* peso dude

* shrimp

* powerball retard",https://www.reddit.com/r/wallstreetbets/comments/l84ner/for_those_who_have_been_around_for_a_while_what/
Prometheus_3_6_9,1669772800.0,8201,907,Tell me it‚Äôs bad without telling me it‚Äôs bad. (Historic loss and it‚Äôs 87 year history),,https://i.redd.it/qezeppotb13a1.jpg
EducationalTest5881,1727163765.0,2082,183,Microsoft stock receives rare downgrade as analyst says it's 'beholden' to Nvidia,,https://finance.yahoo.com/news/microsoft-stock-receives-rare-downgrade-as-analyst-says-its-beholden-to-nvidia-182459634.html
Schende8,1668452785.0,7073,1140,Michael Burry has updated his portfolio and is now over 50% in prison stocks.,,https://i.redd.it/nx42f4y7tyz91.jpg
No-Bandicoot-8980,1615307296.0,101600,2480,OUR SAVIOR KEEPS MAKING THE NEWS! DFV INSPIRES US ALL CUZ WE JUST LIKE THE STOCK! üöÄüôåüèºüêà,,https://i.redd.it/f9077u8e41m61.jpg
Erenio69,1623089871.0,31149,2656,NOT EVERY STOCK IS A SHORT SQUEEZE,"Honestly lately every post I see is a ‚Äú*RandomTicker* short squeeze buy now‚Äù You apes need to understand that having a 30% short interest doesn‚Äôt mean the stock is going to squeeze. Short squeezes are very unlikely and GME was/still is once in a decade oppurtunity. 

I currently hold 350 shares of BB at 14$ and I see apes throwing around short squeeze on BB. Like come on don‚Äôt be so retarded. BB isn‚Äôt a short squeeze play. It was an undervalued OG play of WSB from November. That‚Äôs why it‚Äôs been running up lately because market is finally realising it value. Not because there is a short squeeze happening. 

Anyways I know it isn‚Äôt a WSB post without rockets so BB GME AMC to the moooooooon üöÄ üöÄüöÄüöÄüöÄüöÄüöÄüöÄüöÄ",https://www.reddit.com/r/wallstreetbets/comments/nujffg/not_every_stock_is_a_short_squeeze/
Suspicious-Ad-9887,1624151131.0,28925,2631,‚ÄúSo how much money have you made off all those meme stocks you bought into?‚Äù,,https://v.redd.it/2o3zxt2glb671
Spiffy_Cunt_Wagon,1706533162.0,2452,567,"Remember, the stock market didn't care about Bear Stearns failing...until it did","> The Bear Stearns hedge fund failures in mid-2007 were the first sign of a crash coming, but the market didn‚Äôt register concern. Stocks rose into October, when a 5-year bull market ended as the S&P 500 stock index topped out at 1,562. In January 2008, the S&P 500 entered a correction, down 10% from the peak. But when all of Bear Stearns failed two months later, stocks remained steady, buoyed by aggressive government action to contain the damage. By May, the S&P regained a few points.

> That summer, however, mounting financial losses finally started to spook investors. By July 2008, the S&P was down 20% from the prior peak‚Äîa bear market. Stocks zig-zagged for the next two months, but panic selling began after Lehman‚Äôs bankruptcy, leaving the S&P 500 down 40% from the peak nearly a year earlier. The index would ultimately lose 57% of its value by the time it bottomed out in March 2009.

https://finance.yahoo.com/news/the-evergrande-lehman-moment-analogy-is-wrong-195010674.html

RIP 3333

Edit: I'm a coward who's long guts with SPY options, I don't care what happens, as long as **something** happens.",https://www.reddit.com/r/wallstreetbets/comments/1aduq9d/remember_the_stock_market_didnt_care_about_bear/
CXNNEWS,1705640420.0,3139,424,BREAKING: CHINA'S LARGEST STOCK BROKERAGE HAS JUST BANNED SHORT SELLING FOR ALL INDIVIDUAL INVESTORS,,https://i.redd.it/qjzvy8cowbdc1.jpeg
LostLifeSavingsOnGME,1641612071.0,28643,1126,Swipe for more losses. Least she accepts me üíç,,https://www.reddit.com/gallery/ryq254
thisisinsider,1709255023.0,2882,381,"Oprah has left WeightWatchers, sending stocks spiraling and spelling doom for the diet of our foremothers",,https://www.businessinsider.com/oprah-winfrey-left-ww-sent-stock-spiraling-spells-doom-diets-2024-2?utm_source=reddit&utm_medium=social&utm_campaign=insider-wallstreetbets-sub-post
Patriking_,1709302994.0,2855,384,Nancy Pelosi strikes again with Palo Alto Networks Investments purchasing 2 massive lots of the cybersecurity stock.,,https://i.redd.it/b445qaxdfqlc1.jpeg
Similar_Diver9558,1726528565.0,1913,204,"Apple‚Äôs $100 billion drop sends stock to 5-week low as iPhone demand questions linger
",,https://www.forbes.com.au/news/investing/inside-apples-100-billion-drop/
MortalDanger00,1612983248.0,50655,3382,When weed stocks are rippin',,https://v.redd.it/1zhwq74r5pg61
Signal-College2291,1661442550.0,6184,2276,My losses :( I am so depressed.,,https://i.redd.it/vzloyuj6svj91.jpg
ChungWuEggwua,1637962467.0,47448,1067,The Stock Market Today Be Like,,https://i.redd.it/mr2gtcmrd0281.png
logofpoo,1643108137.0,29646,1016,This is who you‚Äôre taking stock tips from.,,https://v.redd.it/ddbjrgcjetd81
LateApostate,1716898275.0,1497,578,"Really? NVDA at 1,000 after stock split? ","[https://www.forbes.com/sites/petercohan/2024/05/25/nvidia-stock-tops-1000-blackwell-could-aid-10-fold-rise-by-2026/](https://www.forbes.com/sites/petercohan/2024/05/25/nvidia-stock-tops-1000-blackwell-could-aid-10-fold-rise-by-2026/)

  
""Nvidia stock ‚Äî after splitting 10-for-1 early in June ‚Äî could rise from $100 to $1,000 by 2026. This optimistic scenario assumes Nvidia keeps beating growth expectations and raising its forecasts ‚Äî resulting in a 248% annual increase in the company‚Äôs stock price over the next two years.""

  
Thoughts?

",https://www.reddit.com/r/wallstreetbets/comments/1d2hy1m/really_nvda_at_1000_after_stock_split/
hello_singularity,1622157219.0,37498,2212,AMC‚Äôs Four-Day Surge Slaps Short Sellers With $1.3 Billion Loss,,https://www.bloomberg.com/news/articles/2021-05-27/amc-s-four-day-surge-slaps-short-sellers-with-1-3-billion-loss?srnd=premium
NubeDePedos,1615477778.0,70018,2315,Shoutout to anyone and everyone putting it all on the line for a stock you‚Äôve barely researched:,,https://v.redd.it/znck4ulx6fm61
silrak69,1656543424.0,25578,677,Bullish on $MCD,,https://i.redd.it/376n2yk3mo891.jpg
Ykana1,1646541587.0,27289,916,Stock Goddess,,https://i.redd.it/lxv9q3lyzol81.gif
MortalDanger00,1613139531.0,73735,2524,Racing to sell my stocks that I see featured on WSB and CNBC,,https://v.redd.it/g90tt4rc22h61
Pump_Out_The_Stout,1616066151.0,44498,2670,"Shout to /u/LAMPZWORLDWG22 who borrowed money from a drug dealer for GME, and then asked Reddit how to get a refund because the stock went down",,https://www.reddit.com/gallery/m7okje
Abject_Resolution,1634145770.0,14793,2632,"30 years old. Life savings gone. Since April of 2020, I‚Äôve finally amassed a 6 figure loss. Looks like I‚Äôll be eating ramen until retirement. üìâüìâ",,https://i.redd.it/yj06xzou49t71.jpg
dreadfulol,1666972014.0,8363,893,"‚ÄúIf this stock goes past $30, you may see something PARABOLIC‚Äù. I have something that will also go parabolic if this happens.",,https://v.redd.it/mdnolysxhkw91
Bronto_Chad,1710887842.0,2484,402,Chipotle‚Äôs board of directors approves 50-for-1 stock split,,https://www.cnbc.com/2024/03/19/chipotles-board-of-directors-approves-50-for-1-stock-split-.html
tschmitt2021,1641824621.0,66627,835,Outperforming the stock market üòÇ,,https://i.redd.it/7kvx9io0eva81.jpg
HowAmIHere2000,1717278744.0,2049,339,TSLA after stock split crashed by more than 60%.,,https://i.redd.it/aa38dhbc714d1.png
RedDragons8,1616866736.0,109801,1759,"Inspired by many others, I hit a few GameStop‚Äôs and got some Switch‚Äôs, games, etc to donate to my local Children‚Äôs Hospital. Thanks WSB, we like the stock!",,https://i.redd.it/ksk24xqexlp61.jpg
Slut_Spoiler,1710007280.0,2003,576,Google is laying off People this weekend Bullish.,"Sup Sluts,

&#x200B;

Google has sent a WARN notice to the government letting them know that on March 10th, 2024, they will be releasing a bunch of people from their 9-5 enslavement.

&#x200B;

https://preview.redd.it/ox9jkcnzkcnc1.png?width=888&format=png&auto=webp&s=4700d6193162b4b6f9ea844eb7da1f5cd92a8165

&#x200B;

[Bookmark this site](https://layoffdata.com/company/alphabet/)

&#x200B;

[For people on Mobile](https://preview.redd.it/9kobbiarfcnc1.png?width=1768&format=png&auto=webp&s=81d3ab68153ba457e4887353e25ebf84a089ad7c)

The permanent layoffs are coming from Santa Clara and San Francisco County.  Typically, layoffs are bullish, but I speculate that in this case, it is **Very** **Bullish**.

Why?

# AI.

See: [ChatGPT Passes Google Coding Interview for Level 3 Engineer With $183K Salary](https://www.pcmag.com/news/chatgpt-passes-google-coding-interview-for-level-3-engineer-with-183k-salary)

That's right.  Your favorite fucking slur word against bears when they make complete sense about overvaluation and bubbles and what-not.  I spek-ulate these positions will be replaced by AI, and the $183,000 engineering salary for these high cost of living areas will be put back in the pocket of the company.  Multiply that by 701 employees getting the boot, and that is $128,283,000 saved and put onto the market cap of the company, which isn't a lot, but we are just getting started with integration.  I know that is outrageously optimistic and there are sure to be HR staff, Graphic Artists, DEI Leaders, Janitors, and whatever other clowns that google has hired among some of the top salaries in the country.

Instead of losing manpower however, it is being replaced by a more agile technology that has a much lower operating cost.  This is what makes it different than your average layoff of a bloated employee pool.

Also,  What they did not disclose to the government is they have began laying off contractors in oregon for the Youtube Music Side of things.  The massive amount of subtitle work for every youtube song and podcast can now be automated.

I'm marking it as a discussion not DD since I feel it's a fairly simple strategy.

Also, if you work for google in these counties, sorry you had to hear it from me instead of a Sunday morning text saying don't come to work anymore.

TL;DR: Google Calls",https://www.reddit.com/r/wallstreetbets/comments/1bantxk/google_is_laying_off_people_this_weekend_bullish/
GAMorgan-,1724962123.0,1866,225,Dollar General stock tanks 32% after outlook cut spurred by 'cash-strapped' customer,,https://finance.yahoo.com/news/dollar-general-stock-tanks-32-after-outlook-cut-spurred-by-cash-strapped-customer-200326118.html
holeechit15,1663786842.0,11168,754,Found some more old stock that my grandpa owns. 1959!!,,https://i.redd.it/2wwto94ze9p91.jpg
ActualModerateHusker,1712379973.0,1311,1277,How low can DJT (Donald Trump) stock go?,It's still vaued at like 6 billion after going down 30%.  Could it half to 3 billion? Or even less? What assets does it even have that won't be drained or diluted by Trump?  Realistically if Trump loses again what value does he have?,https://www.reddit.com/r/wallstreetbets/comments/1bx3dk6/how_low_can_djt_donald_trump_stock_go/
69sean,1720216198.0,1538,394,Tesla shares wipe out loss for the year with 27% rally this week,,https://www.cnbc.com/2024/07/05/tesla-shares-wipe-out-loss-for-the-year-with-27percent-rally-this-week.html
kkwantstobebig,1614344257.0,70127,1973,"I recruited an astronaut to help get us to the moon. He‚Äôs also an actor, scientist, doctor, and lawyer, and seriously knows his stuff! He loves the movies and we love the stock! Long live AMC!",,https://v.redd.it/acffyji7htj61
broke-boog-boi,1622821793.0,73565,1388,Me coming back to WSB after a 100% loss and a 90 day trading ban,,https://v.redd.it/ruxa07kus9371
DisabledSexRobot,1645723233.0,20626,962,"He is one of us, and frankly he should be modded for sinking the entire russian stock market by 30% in a day.",,https://imgur.com/Xn6lfuq
techno_majesty,1618335815.0,51233,1811,"Kevin O'Leary Live Now thinks a second kick of life is coming to GameStop, says ""If I was short that stock right now I would be worried""",,https://v.redd.it/z7bxt8lk9zs61
pittluke,1631876689.0,53655,1055,World Wealth Loss Champion - Make this guy a Mod!,,https://i.redd.it/pxp21w8zo1o71.png
Treeline1,1612430752.0,30150,3237,Hedge Funds using bots on WSB to try and find the next ‚Äúbig stock‚Äù,"‚ÄúHedge funds, investment bankers and other institutional investors are desperate to find the next GameStop -- before it's too late.
That's why Thinknum Alternative Data quickly built and launched a tool that provides its hedge fund and investment bank clients a ranking of the most-mentioned stocks on WallStreetBets as well as the Stocks subreddit.‚Äù

They‚Äôre using our (buy blockbuster $BLIAQ) own tactics against us(buy blockbuster $BLIAQ). They see the (buy blockbuster $BLIAQ) potential in WSB and see our influence (buy blockbuster $BLIAQ) and now want to use it to their advantage (buy blockbuster $BLIAQ). After their decades of (buy blockbuster $BLIAQ) market manipulation, they‚Äôve now come here looking for (buy blockbuster $BLIAQ) the next people to screw over! (Buy blockbuster $BLIAQ)

Remember, do your own DD (buy blockbuster $BLIAQ) and do not invest more than you can stand to lose (buy blockbuster $BLIAQ). 

Oh and also... GME HOLD üíé‚úä (buy blockbuster $BLIAQ)

Source: https://edition.cnn.com/2021/02/03/investing/wall-street-reddit-hedge-funds/index.html",https://www.reddit.com/r/wallstreetbets/comments/lcc1z6/hedge_funds_using_bots_on_wsb_to_try_and_find_the/
BFA_Artist,1658948107.0,7945,1226,GameStop Short Sellers Eat $443.4m in Losses,"[GameStop Short Sellers Eat $443.4m in Losses - Franknez.com](https://franknez.com/gamestop-short-sellers-eat-443-4m-in-losses/) 

""GameStop short sellers are having one of the worst months this year.

Investors betting against the stock have amounted more than $443.4 million in losses, according to S3 Partners, LLC.

...

The market has been down all year, but GameStop has managed to outperform the S&P 500 index.

The SPY is down more than -17% this year while GME stock has managed to hover at -12.70% this year-to-date.

Looking at the 6-month chart and we‚Äôll find GameStop outperforms the S&P 500 by a long shot.

On the 6-month chart, GameStop is up +42% and SPY is down -8%.

According to a report published by¬†[S3 Partners](https://www.s3partners.com/articles/tsla-shorts-down)¬†on July 21, GameStop has been among the **top 10 most unprofitable stocks for short sellers** during July 2022.""

Looks like short sellers aren't doing so well rn üòÇ

https://preview.redd.it/li47g6nnq5e91.png?width=1100&format=png&auto=webp&s=252efaaa3672fd76850937c191bc852d1c124fad",https://www.reddit.com/r/wallstreetbets/comments/w9msw5/gamestop_short_sellers_eat_4434m_in_losses/
more_chromo,1668880929.0,4692,1868,"How to cope with an $838,000 loss","No fancy pics or anything. Happened at the beginning of rising rates months ago but I took an 838,000 loss on a few stock trades (not options) that were growth stocks I didn't think were this high risk. That's 70% of my worth and was 10 years of my life.

How do you guys cope with this? Every time I hear anything about finance, I sink into depression.

Edit: these are realized post tax losses",https://www.reddit.com/r/wallstreetbets/comments/yzhxzc/how_to_cope_with_an_838000_loss/
praguepride,1611972823.0,66720,2028,CNBC thinks loss porn isn't a thing!,,https://i.redd.it/5bo1m198pde61.jpg
OnlyGainsBro,1663512422.0,16653,569,How I console myself after losing money in stock market.,,https://v.redd.it/aqahicazqmo91
Peteskies,1612200514.0,42228,2287,"At these levels, it's NOT about the price of the stock. It is the number of shares in the hedge funds' possession. That's why they want you to sell.","https://www.sec.gov/data/foiadocsfailsdatahtm - first text file, search ""GME"", and you'll see the fails to deliver suggesting a real number in the millions, unheard of - these are purchased shares that couldn't be found. I have no idea how this simple metric isn't widely reported. 

Hedge funds get paid more by fraudulently creating more shares when the stock goes under. They cannot cover anywhere near this price level because the shares don't exist. Manipulating the number of shares also dilutes the reported short float. Retail is holding on to shares they need and just not letting go, as some of those shares retail has are fraudulent. By the time they run out of money in interest payments dragging this out, it'll be a massive shitshow.

[KEEP IT UP](https://i.redd.it/4fllvoc68we61.jpg)

More info: http://counterfeitingstock.com/CS2.0/CounterfeitingStock.html

:edit: 84 GME @ $87.16 avg.

:edit 2: Please note one reason prices are still high is to encourage retail go to other stocks (looking at you AMC, BB, NOK), or get more easily duped by some scam like silver. It's always been about GME.

When it comes time for them to pay up, expect the price to drop first.

:edit 3: The price is now around where the volume dropped off. I think we're at the bottom, as long as we hold. I think the chance of seeing big upword moves is as high as its ever been. Unless they want us to sit here for a day. It's all very expensive psychology for them.",https://www.reddit.com/r/wallstreetbets/comments/la8ox3/at_these_levels_its_not_about_the_price_of_the/
sjtomcat,1631809321.0,48008,1025,Stocks only go up,,https://i.redd.it/8mbqrv1e5wn71.jpg
AtmosphereNo6743,1706135079.0,2409,510,Tesla profits crashed 23% in 2023 - its first decline since 2017,,https://www.forbes.com.au/news/investing/tesla-profits-declined-23-in-2023/
Amieisrad,1614291554.0,52870,1828,"Just a little advice from a Billionaire... ‚Äúif you still believe in the reason you bought the stock, and that hasn‚Äôt changed, why sell?‚Äù",,https://i.redd.it/packujo28pj61.jpg
kretascr,1702856771.0,2121,808,In debt now: Chart says -250k realized losses statement is -430k,"Went short QQQ early this year with selling options. Borrowed money keep hodl longer for anticipated market crash, now I have huge debt and even worse: I still have to pay 80k taxes from capital gains 2022.
Wish me luck guys",https://i.redd.it/imfwogegzx6c1.jpeg
TheElgringo,1613839993.0,76752,1643,Food bank donation with GME gains. Shelves fully stocked with tendies.,,https://i.imgur.com/VeP09Ax.jpg
keenfeed,1618414230.0,77385,1349,We like the stock,,https://v.redd.it/qn59ohbvq5t61
UhRealBucknut,1612680404.0,30824,2342,"Laughing stock of the family after this. Feels great, man.",,https://i.redd.it/xypxo7ma50g61.jpg
dmitsuki,1647620339.0,12198,1100,"The ""loss porn"" isn't even fun anymore","Seriously what the fuck is this shit. Every loss porn now is some retard proving wealth is largely generational, because left to their own devices they would absolutely be in poverty.

There is nothing funny or interesting about it. How the fuck do you lose 300 thousand dollars in 3 months the second you take control of your portfolio? I mean, literally how do you do it. Nobody even post positions in these fucking threads so I have no idea.

I used to think it was asinine that the government was trying to regulate retail to protect them from themselves, then I see you retards come to a cult you think is about losing money and start throwing hundreds of thousands of dollars it took you over a quarter of your lives to build up into the pocket of Havard graduates who actually got a degree and spent 5 seconds to learn anything and get a job at GS.

This is going to blow your fucking mind but Wall Street Bets is a sub about making money. Despite how the memes have taken over, the entire idea here is we actually make money. Don't respond to this comment with a shitty joke about how your account is red or some dumb shit. If you have never seen green on your account, liquidate it right now, take your money out of banks, put it under pillows, and accept your loss to inflation because you are too dumb to function and handle money beyond the level of a caveman hoarding rocks.

Can we get a return to people actually making money, and actually having any idea whatsoever as to why they do the things they do...or even how a fucking option works. Jesus H tap dancing mother fucking Christ.

Position USO 80 4/30 C",https://www.reddit.com/r/wallstreetbets/comments/th53jz/the_loss_porn_isnt_even_fun_anymore/
Jkelchner4,1612154414.0,66507,1624,"I‚Äôm pleased to announce my weekly GME gains of $69,694.20. Very bullish for Monday with these good luck numbers!",,https://i.redd.it/nlj9twh9pse61.jpg
Monyx92,1645223954.0,8857,1806,Bye bye stock Market üìâ,,https://i.redd.it/1hluzrbz5oi81.jpg
CorrosiveRose,1614091318.0,67331,1484,Walking into the stock market today,,https://i.redd.it/hwdv7ctno8j61.gif
dumbledoreRothIRA,1613526686.0,34095,1938,"A LOT OF YOU HAVE ASKED IF IM STILL üíé üôåüèº ING. DOES SEC‚ÄôS WIFE‚ÄôS BOYFRIEND HAVE A LARGE DICK? FROM $1.75M GAIN TO -$250K. SENATOR, I JUST LIKE THE STOCK",,https://i.redd.it/57rsc1cq1yh61.jpg
exploding_myths,1693882993.0,3468,564,Warren Buffett just dumped $8 billion of stocks,"**Over the past three quarters, Buffett has sold¬†$33 billion of stocks, which amounts to¬†$38 billion more cash in his reserves, ostensibly for a rainy day.**¬†

**Stephen Hanke, professor of applied economics at Johns Hopkins, says this signals bad news.**¬†

[**https://www.thestreet.com/investing/warren-buffett-just-dumped-8-billion-in-stocks-heres-why-economists-are-worried**](https://www.thestreet.com/investing/warren-buffett-just-dumped-8-billion-in-stocks-heres-why-economists-are-worried)",https://www.reddit.com/r/wallstreetbets/comments/16ach1o/warren_buffett_just_dumped_8_billion_of_stocks/
Unrealized_Fucks,1667847403.0,7250,763,Bullish,,https://i.redd.it/9q9uldpmamy91.jpg
AtmosphereNo6743,1707342235.0,3667,277,Snapchat founders lose billions after 'violent' 35% stock crash,,https://www.forbes.com.au/news/investing/snapchat-founders-lose-billions-after-violent-35-stock-crash/
Noobmode,1717642094.0,1582,405,"TXSE (Texas Stock Exchange) announced, yeehaw. ",,https://i.redd.it/6m77017m7v4d1.jpeg
superanth,1612206199.0,98626,1377,Billionaire Investor Mark Cuban Says Reddit Stock Traders Have ‚ÄòEvery Right To Kick Wall Street‚Äôs Ass‚Äô - All Hail Wise Cuban Man!,,https://www.unilad.co.uk/news/billionaire-investor-mark-cuban-says-reddit-stock-traders-have-every-right-to-kick-wall-streets-ass/
B3stAuD1t0rofA11tiME,1697383705.0,3214,515,Dumb Money Movie Lost $15M - Sony Please Post Your Losses To WSB,"No surprise here Sony

You failed miserably to reach your target audience because you guys are noobs

If the movie was a stock everyone here would have shorted the shit out of it 

The only people that should be in charge of making a movie about WSB is WSB 

Now go back to making Spider-Man movies and maybe we will forget this ever happened",https://www.reddit.com/r/wallstreetbets/comments/178ht2g/dumb_money_movie_lost_15m_sony_please_post_your/
Slyver12,1612322227.0,28096,2124,GME and $80 Stocks. Why to not worry.," 

>Oh my god! GME is down to $150! It's down to $100! It's down to 30 cents! The hedgies are going to cover all their shorts at that 30cent price point! It's over!

Wrong.

No one is selling at these prices. Sure, maybe a few scared folk who don't know any better. Maybe they trigger a few stop losses. Maybe some margins get called. But it's not enough. Say it with me:

*PRICE DOESN'T MATTER*

>WHAT?!

You heard me. 30cent GME? No problem.

They don't need a low price, they need your shares. If 10 people sell at 30c cents, and that's the only market activity, it's a ""30 cent stock"" but Melvin only netted ten shares. They are still fucked. *They aren't buying 50 million shares at 30c, nor $100, nor $300, and that's their problem.* It's an availability issue. Sometimes it's ALSO a price issue (too high for them) but primarily it's the availability.

All the activity driving down the listed share price are *illegal ladder attacks* (not that legality should be expected at this point, these folk are crooks). Those aren't actual sales though, it's just shares trading hands from hedgie to hedgie. They aren't gobbling up value. These people don't admit defeat, they are neither smart nor humble, they are crooks. They need 50 million+ shares. They need over 100% of the float to sell to them (that 50% float you hear about is accounting shennaigans, ignore it, they are still exposed). *You can NOT close that many positions sniping a few shaky handed noobs.* We aren't talking about a few shares they need to buy, we're talking about fucking ALL OF THEM.

I'll explain that in a second, but first let me repeat:

*PRICE DOESN'T MATTER*

So let's say you want to buy 50 million shares, let's look at what shares are being asked for in my hypothetical example market:

**# of Shares - Price**

x 20 - $0.30c

x 80 - $5

x 400 - $20

x 600 - $40

x 900 - $60

x 2,000 - $100

x 5,000 - $150

x 10,000 - $200

x 30,000 - $300

x 50,000 - $400

x 150,000 - $500

x 1 mil - $1,000

x 15 mil - $5,000

x 30 mil - $69,420

Get it? There are only a few people willing to sell at those low prices. By the time you've bought a quarter million shares (0.5% of what you need to buy) you're back up to the sustained highs. And these are just exaggerations to make a point. *A stock price only reflects current trade values, not availability at those prices*. If the hedgies are trading their shares back and forth to each other to drive down the price and they have ladder attacked down to a Nickel, that doesn't mean anyone's shares are only worth pocket change, that just means that that is what things are trading at in the moment. There's no volume to buy up at those costs. No one can force you to sell at a Nickel.

Get it?

*PRICE DOESN'T MATTER*

They need our shares, not a low price. The price does not reflect whether we are 'winning' or not. Their financial reserves indicate that, but there isn't a ticker for that. But be sure, every day the inevitable closes in. Sell out of fear if you like, but you'll just miss out in the end. People like me, as we shore up more funds, snipe these low prices, stealing away shares the hedgies use to ladder and taking shares away from shaky hands and putting them into steady ones.

This isn't financial advice, I just want to make sure people on this sub have the knowledge to not make fools of themselves in casual conversation.",https://www.reddit.com/r/wallstreetbets/comments/lbe80d/gme_and_80_stocks_why_to_not_worry/
